,Res. Name 1,Res. Number 1,Chain 1,Res. Name 2,Res. Number 2,Chain 2,Distance (Å),C Atom,H Atom,C Atom From,Ring From,Alpha °,BETA °
0,PRO,9,A,TRP,13,B,3.82,CB,HB3,PRO,TRP-13,121.55,17.87
1,PRO,45,A,PHE,50,B,4.44,CD,HD2,PRO,PHE-50,137.53,10.68
2,LEU,325,A,TYR,349,B,4.98,CD1,HD13,LEU,TYR-349,126.19,11.45
3,GLU,346,A,TRP,170,B,4.63,CB,HB2,GLU,TRP-170,126.84,27.31
4,GLU,346,A,TRP,170,B,4.33,CG,HG3,GLU,TRP-170,159.9,10.53
5,PHE,31,A,PHE,31,B,4.0,CB,HB2,PHE,PHE-31,128.41,29.46
6,PHE,50,A,PRO,45,B,3.69,CG,HG2,PRO,PHE-50,138.84,15.72
7,TYR,349,A,LEU,325,B,4.21,CD1,HD12,LEU,TYR-349,156.3,23.91
8,TRP,170,A,GLU,346,B,4.36,CG,HG3,GLU,TRP-170,146.1,28.13
