,Res. Name 1,Res. Number 1,Chain 1,Res. Name 2,Res. Number 2,Chain 2,Atom 1,Atom 2,Distance (Ã…),DHA Angle
0,PRO,9,A,TRP,13,B,O,N,3.15,144.1
1,TRP,11,A,TRP,11,B,N,O,3.05 *,148.7
2,TRP,11,A,TRP,11,B,O,N,2.97 *,148.2
3,GLN,23,A,LEU,20,B,NE2,O,2.94 *,147.0
4,GLN,23,A,GLN,23,B,NE2,OE1,2.99 *,164.4
5,SER,48,A,ARG,79,B,OG,NH2,2.85 *,149.8
6,GLU,82,A,THR,56,B,O,OG1,2.78 *,103.2
7,LEU,171,A,TYR,349,B,O,N,2.84 *,176.4
8,ARG,282,A,THR,351,B,O,N,2.95 *,166.3
9,TYR,349,A,LEU,171,B,N,O,2.7 *,169.7
10,THR,351,A,ARG,282,B,N,O,3.09,127.9
11,THR,351,A,ARG,282,B,O,NE,3.05 *,151.3
